{"max":2.338747262954712,"min":2.04257285076892e-5,"num":2520}