{"max":0.9992872416250891,"min":0.8210976478973628,"num":70}