{"max":0.477816325213228,"min":0.020392640976102223,"num":70}