{"max":0.40574958210899714,"min":0.0007839107752910682,"num":70}