{"max":0.2657545625808693,"min":0.0004206790839643439,"num":70}