{"max":0.39522582115161986,"min":0.006717744560557462,"num":70}