{"max":0.9971489665003563,"min":0.7990021382751248,"num":70}