{"max":0.28073666989803314,"min":0.00042234043939970434,"num":70}