{"max":0.9992872416250891,"min":0.8260869565217391,"num":70}