{"max":0.44299412210439815,"min":0.0003530061685837452,"num":70}