{"max":1.4267772436141968,"min":9.079347364604473e-5,"num":700}