{"max":0.41020550046648296,"min":0.00499038146587,"num":70}